filename,prompt,description,difficulty,cluster
page_01.png,A big friendly excavator with its shovel raised high, smiling headlights, cute children's coloring book style, thick black outlines, simple shapes, black and white line art, no shading, no gray, white background,Der große Bagger - Lieblingsfahrzeug als starker Auftakt,easy,cluster_a_bagger
page_02.png,A small mini excavator digging a little hole in the ground, cute children's coloring book style, thick black outlines, simple shapes, black and white line art, no shading, no gray, white background,Der Minibagger - klein und niedlich,easy,cluster_a_bagger
page_03.png,A wheel loader carrying a pile of sand in its wide front bucket, big round wheels, cute children's coloring book style, thick black outlines, simple shapes, black and white line art, no shading, no gray, white background,Der Radlader - trägt Sand in breiter Schaufel,easy,cluster_a_bagger
page_04.png,An excavator with caterpillar tracks and an extended digging arm, cute children's coloring book style, thick black outlines, simple shapes, black and white line art, no shading, no gray, white background,Der Kettenbagger - Raupenketten und langer Arm,easy,cluster_a_bagger
page_05.png,Close-up of a big excavator bucket filled with large rocks and pebbles, cute children's coloring book style, thick black outlines, simple shapes, black and white line art, no shading, no gray, white background,Die volle Schaufel - große Flächen zum Ausmalen,easy,cluster_a_bagger
page_06.png,An excavator standing on top of a big sand mound, simple ground line, cute children's coloring book style, thick black outlines, simple shapes, black and white line art, no shading, no gray, white background,Bagger im Sandhaufen - auf dem Gipfel,easy,cluster_a_bagger
page_07.png,A cartoon excavator with big happy eyes and a wide smile on its cabin, cute children's coloring book style, thick black outlines, simple shapes, black and white line art, no shading, no gray, white background,Der lachende Bagger - Sympathieträger,easy,cluster_a_bagger
page_08.png,A gentle excavator carefully holding one big flower in its bucket, cute children's coloring book style, thick black outlines, simple shapes, black and white line art, no shading, no gray, white background,Bagger mit Blume - der sanfte Riese,easy,cluster_a_bagger
page_09.png,An excavator pouring dirt into a waiting dump truck, two vehicles side by side, simple ground line, cute children's coloring book style, thick black outlines, simple shapes, black and white line art, no shading, no gray, white background,Bagger belädt den Kipplaster - erste Szene,medium,cluster_a_bagger
page_10.png,Two friendly excavators facing each other, touching shovels like a handshake, cute children's coloring book style, thick black outlines, simple shapes, black and white line art, no shading, no gray, white background,Zwei Bagger-Freunde - Händeschütteln mit Schaufeln,easy,cluster_a_bagger
page_11.png,A tall tower crane with a long arm and a hanging hook, cute children's coloring book style, thick black outlines, simple shapes, black and white line art, no shading, no gray, white background,Der Turmdrehkran - hoch hinaus,easy,cluster_b_kraene
page_12.png,A mobile crane truck with its telescopic boom extended upward, cute children's coloring book style, thick black outlines, simple shapes, black and white line art, no shading, no gray, white background,Der Mobilkran - Teleskop-Ausleger,easy,cluster_b_kraene
page_13.png,A crane hook lifting a big wooden crate into the air, cute children's coloring book style, thick black outlines, simple shapes, black and white line art, no shading, no gray, white background,Kran hebt eine Kiste - in die Luft,easy,cluster_b_kraene
page_14.png,A friendly crane operator with a helmet waving from the crane cabin, cute children's coloring book style, thick black outlines, simple shapes, black and white line art, no shading, no gray, white background,Der Kranführer - winkt den Kindern zu,easy,cluster_b_kraene
page_15.png,Close-up of a big crane hook with rope and metal ring, cute children's coloring book style, thick black outlines, simple shapes, black and white line art, no shading, no gray, white background,Der große Haken - Nahaufnahme,easy,cluster_b_kraene
page_16.png,A tower crane lifting a wall piece onto an unfinished small house, simple ground line, cute children's coloring book style, thick black outlines, simple shapes, black and white line art, no shading, no gray, white background,Kran baut ein Haus - Wand wird aufgesetzt,medium,cluster_b_kraene
page_17.png,A little bird sitting on top of a crane arm, cute children's coloring book style, thick black outlines, simple shapes, black and white line art, no shading, no gray, white background,Vogel auf dem Kran - freundliches Motiv,easy,cluster_b_kraene
page_18.png,A crane truck driving on the road, simple ground line, cute children's coloring book style, thick black outlines, simple shapes, black and white line art, no shading, no gray, white background,Der Autokran fährt - auf zur Baustelle,easy,cluster_b_kraene
page_19.png,A crane with a small waving flag on its top, cute children's coloring book style, thick black outlines, simple shapes, black and white line art, no shading, no gray, white background,Kran mit Fahne - beim Richtfest,easy,cluster_b_kraene
page_20.png,A crane lifting a big round pipe with two ropes, cute children's coloring book style, thick black outlines, simple shapes, black and white line art, no shading, no gray, white background,Kran hebt ein Rohr - an zwei Seilen,easy,cluster_b_kraene
page_21.png,A dump truck with its bed raised, dumping rocks out, cute children's coloring book style, thick black outlines, simple shapes, black and white line art, no shading, no gray, white background,Der Kipplaster - Mulde hochgestellt,easy,cluster_c_fahrzeuge
page_22.png,A cement mixer truck with a big round rotating drum, cute children's coloring book style, thick black outlines, simple shapes, black and white line art, no shading, no gray, white background,Der Betonmischer - runde Mischtrommel,easy,cluster_c_fahrzeuge
page_23.png,A bulldozer pushing a pile of earth with its big blade, simple ground line, cute children's coloring book style, thick black outlines, simple shapes, black and white line art, no shading, no gray, white background,Die Planierraupe - schiebt Erdhaufen,easy,cluster_c_fahrzeuge
page_24.png,A road roller with a big round drum flattening a fresh road, simple ground line, cute children's coloring book style, thick black outlines, simple shapes, black and white line art, no shading, no gray, white background,Die Straßenwalze - macht Straße glatt,easy,cluster_c_fahrzeuge
page_25.png,A forklift carrying a pallet with boxes, cute children's coloring book style, thick black outlines, simple shapes, black and white line art, no shading, no gray, white background,Der Gabelstapler - trägt Paletten,easy,cluster_c_fahrzeuge
page_26.png,A low-loader truck transporting a small excavator on its trailer, cute children's coloring book style, thick black outlines, simple shapes, black and white line art, no shading, no gray, white background,Der Tieflader - transportiert Bagger,medium,cluster_c_fahrzeuge
page_27.png,A small tractor pulling a trailer full of bricks, cute children's coloring book style, thick black outlines, simple shapes, black and white line art, no shading, no gray, white background,Der kleine Traktor - zieht Ziegeltransport,easy,cluster_c_fahrzeuge
page_28.png,A work van with a ladder on the roof and a toolbox beside it, cute children's coloring book style, thick black outlines, simple shapes, black and white line art, no shading, no gray, white background,Das Baustellen-Auto - Handwerker-Wagen,easy,cluster_c_fahrzeuge
page_29.png,A giant quarry dump truck with huge wheels, cute children's coloring book style, thick black outlines, simple shapes, black and white line art, no shading, no gray, white background,Der Riesen-Muldenkipper - Staun-Motiv,easy,cluster_c_fahrzeuge
page_30.png,Three construction vehicles driving in a row, an excavator, a dump truck and a cement mixer, simple ground line, cute children's coloring book style, thick black outlines, simple shapes, black and white line art, no shading, no gray, white background,Die Fahrzeug-Parade - Bagger und mehr,medium,cluster_c_fahrzeuge
page_31.png,A friendly construction worker with helmet and safety vest waving hello, cute children's coloring book style, thick black outlines, simple shapes, black and white line art, no shading, no gray, white background,Der Bauarbeiter - winkt freundlich,easy,cluster_d_baustelle
page_32.png,A friendly female construction worker with helmet holding a big blueprint, cute children's coloring book style, thick black outlines, simple shapes, black and white line art, no shading, no gray, white background,Die Bauarbeiterin - mit großem Bauplan,easy,cluster_d_baustelle
page_33.png,A hard hat, a hammer and an open toolbox arranged together, cute children's coloring book style, thick black outlines, simple shapes, black and white line art, no shading, no gray, white background,Helm und Werkzeug - große Formen,easy,cluster_d_baustelle
page_34.png,A wheelbarrow full of sand with a small shovel in it, cute children's coloring book style, thick black outlines, simple shapes, black and white line art, no shading, no gray, white background,Die Schubkarre - voller Sand,easy,cluster_d_baustelle
page_35.png,Traffic cones and a construction barrier fence, cute children's coloring book style, thick black outlines, simple shapes, black and white line art, no shading, no gray, white background,Hütchen und Absperrung - sichern Baustelle,easy,cluster_d_baustelle
page_36.png,A big construction warning sign with an excavator symbol on it, cute children's coloring book style, thick black outlines, simple shapes, black and white line art, no shading, no gray, white background,Das Baustellenschild - Warnzeichen,easy,cluster_d_baustelle
page_37.png,A portable construction traffic light next to a fence, cute children's coloring book style, thick black outlines, simple shapes, black and white line art, no shading, no gray, white background,Die Baustellen-Ampel - regelt Verkehr,easy,cluster_d_baustelle
page_38.png,A stack of bricks with a trowel, a small wall being built, cute children's coloring book style, thick black outlines, simple shapes, black and white line art, no shading, no gray, white background,Ziegelsteine und Kelle - Mauer entsteht,easy,cluster_d_baustelle
page_39.png,A construction worker sitting on a wooden beam having a lunch break with lunchbox and thermos, simple ground line, cute children's coloring book style, thick black outlines, simple shapes, black and white line art, no shading, no gray, white background,Pause auf der Baustelle - Mittagszeit,medium,cluster_d_baustelle
page_40.png,A finished little house decorated with balloons and small flags, celebration, simple ground line, cute children's coloring book style, thick black outlines, simple shapes, black and white line art, no shading, no gray, white background,Das fertige Haus - Richtfest,medium,cluster_d_baustelle
page_41.png,A cute chubby bear wearing a hard hat and a tool belt, standing proudly, cute children's coloring book style, thick black outlines, simple shapes, black and white line art, no shading, no gray, white background,Bär mit Bauhelm - stolz und bereit,easy,cluster_e_freunde
page_42.png,A happy dog driving a small excavator, sitting in the cabin, cute children's coloring book style, thick black outlines, simple shapes, black and white line art, no shading, no gray, white background,Hund fährt Bagger - am Steuer,easy,cluster_e_freunde
page_43.png,A cute cat pushing a wheelbarrow with a fish inside, funny, cute children's coloring book style, thick black outlines, simple shapes, black and white line art, no shading, no gray, white background,Katze mit Schubkarre - Fisch drin,easy,cluster_e_freunde
page_44.png,A tiny mouse holding a giant wrench, funny size contrast, cute children's coloring book style, thick black outlines, simple shapes, black and white line art, no shading, no gray, white background,Maus mit Schraubenschlüssel - lustig groß,easy,cluster_e_freunde
page_45.png,An elephant wearing a hard hat lifting a wooden beam with its trunk, cute children's coloring book style, thick black outlines, simple shapes, black and white line art, no shading, no gray, white background,Der Elefanten-Kran - Rüssel hoch,medium,cluster_e_freunde
page_46.png,A beaver wearing a helmet building a dam with wooden planks, cute children's coloring book style, thick black outlines, simple shapes, black and white line art, no shading, no gray, white background,Biber der Baumeister - baut Damm,easy,cluster_e_freunde
page_47.png,A squirrel with a tool belt proudly holding an acorn, cute children's coloring book style, thick black outlines, simple shapes, black and white line art, no shading, no gray, white background,Eichhörnchen mit Werkzeuggürtel - stolz,easy,cluster_e_freunde
page_48.png,A penguin stirring a bucket of cement with a big ladle, funny, cute children's coloring book style, thick black outlines, simple shapes, black and white line art, no shading, no gray, white background,Pinguin mischt Beton - witzig,easy,cluster_e_freunde
page_49.png,A rabbit measuring a big carrot with a folding ruler, funny, cute children's coloring book style, thick black outlines, simple shapes, black and white line art, no shading, no gray, white background,Hase mit Zollstock - Möhren-Messung,easy,cluster_e_freunde
page_50.png,A bear, a dog, a cat and a mouse celebrating with little flags in front of a finished small house, happy group scene, simple ground line, cute children's coloring book style, thick black outlines, simple shapes, black and white line art, no shading, no gray, white background,Das große Richtfest - Finale Feier,medium,cluster_e_freunde
